{"initial_training": {"accuracy": [0.6855858564376831, 0.75, 0.8345382213592529], "val_accuracy": [0.19648130238056183, 0.19352854788303375, 0.7001722455024719], "loss": [1.1214959621429443, 0.6934612989425659, 0.5540236234664917], "val_loss": [18.270326614379883, 18.390600204467773, 1.6704094409942627]}, "fine_tuning": {"accuracy": [0.9131680727005005, 1.0], "val_accuracy": [0.8833661675453186, 0.8832430839538574], "loss": [0.28270670771598816, 0.12169411778450012], "val_loss": [0.40888097882270813, 0.40888211131095886]}}